{"feat#1": {"min": 15.0, "max": 83.0, "mean": 40.08643590875833, "std": 7.391687108816844, "unique": 67}, "feat#2": {"min": 0.0, "max": 79.0, "mean": 23.76400550518448, "std": 9.36443799912331, "unique": 77}, "feat#3": {"min": 0.0, "max": 77.0, "mean": 1.145036470235582, "std": 6.793245259691444, "unique": 63}, "feat#4": {"min": 0.0, "max": 54.0, "mean": 2.243952516172285, "std": 3.778477638445707, "unique": 43}, "feat#5": {"min": 0.0, "max": 46.0, "mean": 6.011339132901213, "std": 2.1714030072761052, "unique": 38}, "feat#6": {"min": 0.0, "max": 45.0, "mean": 1.6765156178989404, "std": 3.2333620966718417, "unique": 36}, "feat#7": {"min": 0.0, "max": 98.0, "mean": 34.971735970321, "std": 25.41125614014723, "unique": 91}, "feat#8": {"min": 0.0, "max": 82.0, "mean": 30.335477819714878, "std": 9.223867408471325, "unique": 82}, "feat#9": {"min": 0.0, "max": 93.0, "mean": 12.993817948577451, "std": 20.26207474088425, "unique": 89}, "feat#10": {"min": 3.0, "max": 82.0, "mean": 32.740540784456556, "std": 8.891663628673907, "unique": 80}, "feat#11": {"min": 0.0, "max": 93.0, "mean": 12.985434467998697, "std": 20.246851258734583, "unique": 90}, "feat#12": {"min": 0.0, "max": 84.0, "mean": 1.1728879333962927, "std": 6.977590330002505, "unique": 82}, "feat#13": {"min": 0.0, "max": 82.0, "mean": 0.4858905473919672, "std": 4.774904545027132, "unique": 68}, "feat#14": {"min": 1.0, "max": 69.0, "mean": 2.944403438484076, "std": 5.532813311407787, "unique": 63}, "feat#15": {"min": 0.0, "max": 57.0, "mean": 0.8320983197583908, "std": 3.7441717735437723, "unique": 54}, "feat#16": {"min": 10.0, "max": 66.0, "mean": 11.234424808140453, "std": 3.910592722672594, "unique": 52}, "feat#17": {"min": 0.0, "max": 54.0, "mean": 0.5804488594791992, "std": 2.66725869703741, "unique": 46}, "feat#18": {"min": 34.0, "max": 98.0, "mean": 56.53653308751245, "std": 15.375501715843091, "unique": 65}, "feat#19": {"min": 0.0, "max": 98.0, "mean": 18.971697292209907, "std": 30.509783846180667, "unique": 98}, "feat#20": {"min": 3.0, "max": 96.0, "mean": 44.941995726068726, "std": 13.192262285104121, "unique": 94}, "feat#21": {"min": 0.0, "max": 94.0, "mean": 22.506573667297335, "std": 28.853333099279787, "unique": 91}, "feat#22": {"min": 2.0, "max": 8.0, "mean": 7.026110948161661, "std": 0.2040156915307403, "unique": 7}, "feat#23": {"min": 0.0, "max": 96.0, "mean": 18.516162615671725, "std": 27.171481075453393, "unique": 97}, "feat#24": {"min": 0.0, "max": 87.0, "mean": 44.091293234876055, "std": 8.60807407533032, "unique": 78}, "feat#25": {"min": 0.0, "max": 86.0, "mean": 16.3624235704409, "std": 21.9512140519193, "unique": 87}, "feat#26": {"min": 0.0, "max": 4.0, "mean": 1.7386229947816783, "std": 0.6379407180487583, "unique": 5}, "feat#27": {"min": 0.0, "max": 4.0, "mean": 0.1366400969531318, "std": 0.3877577240285248, "unique": 5}, "feat#28": {"min": 0.0, "max": 9.0, "mean": 0.6499083006449575, "std": 0.9854774263865308, "unique": 10}, "feat#29": {"min": 0.0, "max": 9.0, "mean": 0.23178180388263772, "std": 0.7457981572773537, "unique": 10}, "feat#30": {"min": 0.0, "max": 9.0, "mean": 1.1550863327671288, "std": 1.838639552613917, "unique": 10}, "feat#31": {"min": 0.0, "max": 9.0, "mean": 0.7188069091999111, "std": 1.631328512324989, "unique": 10}, "feat#32": {"min": 0.0, "max": 93.0, "mean": 48.010991029901405, "std": 8.339240732395526, "unique": 75}, "feat#33": {"min": 0.0, "max": 89.0, "mean": 6.868768392247618, "std": 16.919134315656, "unique": 85}, "feat#34": {"min": 1.0, "max": 9.0, "mean": 8.376151076701918, "std": 0.5001133367331382, "unique": 9}, "feat#35": {"min": 0.0, "max": 96.0, "mean": 8.538167237706002, "std": 22.252337330219305, "unique": 96}, "feat#36": {"min": 3.0, "max": 79.0, "mean": 39.91561403112944, "std": 5.9670032446283106, "unique": 55}, "feat#37": {"min": 0.0, "max": 71.0, "mean": 4.6651797081736515, "std": 11.92328171799014, "unique": 70}, "feat#38": {"min": 0.0, "max": 4.0, "mean": 1.5466409672106314, "std": 0.5649595461507171, "unique": 5}, "feat#39": {"min": 0.0, "max": 3.0, "mean": 0.042420218337937105, "std": 0.21044884797926253, "unique": 4}, "feat#40": {"min": 0.0, "max": 8.0, "mean": 0.19621728073539982, "std": 0.5710922347304133, "unique": 9}, "feat#41": {"min": 0.0, "max": 7.0, "mean": 0.07603149687513094, "std": 0.3898843275260372, "unique": 8}, "feat#42": {"min": 0.0, "max": 6.0, "mean": 0.030691081149900244, "std": 0.22192195256204247, "unique": 7}, "feat#43": {"min": 0.0, "max": 4.0, "mean": 0.0004512446293831164, "std": 0.026985813627640902, "unique": 5}}